"MOZART"	59.55	8.01%	214380	214380	0.0800923539	20.6
"BEETHOVEN"	41.67	5.60%	150000	364380	0.136132344	1.4292
"HAYDN"	40.43	5.44%	145560	509940	0.1905135505	
"BACH"	38.95	5.24%	140220	650160	0.2428997332	
"SCHUBERT"	28.47	3.83%	102480	752640	0.2811862545	
"SCHUMANN"	17.93	2.41%	64560	817200	0.3053058663	
"BRAHMS"	17.50	2.35%	63000	880200	0.3288426621	
"MENDELSSOHN"	15.68	2.11%	56460	936660	0.3499361144	
"DVORÁK"	15.02	2.02%	54060	990720	0.3701329269	
"TCHAIKOVSKY"	13.45	1.81%	48420	1039140	0.3882226357	0.6117773643
"CHOPIN"	12.33	1.66%	44400	1083540	0.4048104728	
"DEBUSSY"	10.37	1.39%	37320	1120860	0.4187532223	
"RAVEL"	8.33	1.12%	30000	1150860	0.4299612203	
"HANDEL"	6.98	0.94%	25140	1176000	0.4393535227	
"TELEMANN"	6.87	0.92%	24720	1200720	0.448588913	
"VIVALDI"	6.53	0.88%	23520	1224240	0.4573759835	
"HUMMEL"	6.15	0.83%	22140	1246380	0.465647486	
"SAINT-SAËNS"	6.05	0.81%	21780	1268160	0.4737844926	
"RACHMANINOFF"	5.95	0.80%	21420	1289580	0.4817870032	
"SIBELIUS"	5.77	0.78%	20760	1310340	0.4895429378	
"BOCCHERINI"	5.68	0.76%	20460	1330800	0.4971867925	
"RAMEAU"	5.62	0.76%	20220	1351020	0.5047409832	
"STRAUSS, R."	5.43	0.73%	19560	1370580	0.5120485979	
"BACH, C.P.E."	5.40	0.73%	19440	1390020	0.5193113806	
"GRIEG"	5.10	0.69%	18360	1408380	0.5261706754	
"SPOHR"	4.50	0.61%	16200	1424580	0.5322229943	
"PUCCINI"	4.35	0.59%	15660	1440240	0.5380735693	
"KING FM INSIGHT"	4.33	0.58%	15600	1455840	0.5439017283	
"HAYDN, M."	4.22	0.57%	15180	1471020	0.5495729753	
"BACH, J.C."	4.15	0.56%	14940	1485960	0.5551545583	
"GIULIANI"	4.13	0.56%	14880	1500840	0.5607137253	
"KROMMER"	4.03	0.54%	14520	1515360	0.5661383964	
"CHERUBINI"	3.62	0.49%	13020	1528380	0.5710026675	
"GERSHWIN"	3.60	0.48%	12960	1541340	0.5758445227	
"VAUGHAN WILLIAMS"	3.57	0.48%	12840	1554180	0.5806415458	
"LISZT"	3.55	0.48%	12780	1566960	0.585416153	
"WEISS"	3.42	0.46%	12300	1579260	0.5900114322	
"ELGAR"	3.33	0.45%	12000	1591260	0.5944946314	
"RODRIGO"	3.32	0.45%	11940	1603200	0.5989554146	
"BERWALD"	3.27	0.44%	11760	1614960	0.6033489498	
"SEATTLE OPERA"	3.25	0.44%	11700	1626660	0.607720069	
"FAURÉ"	3.22	0.43%	11580	1638240	0.6120463563	
"WEBER"	3.08	0.41%	11100	1649340	0.6161933155	
"PROKOFIEV"	2.95	0.40%	10620	1659960	0.6201609469	
"WAGNER"	2.78	0.37%	10020	1669980	0.6239044182	
"KUHLAU"	2.68	0.36%	9660	1679640	0.6275133936	
"KRAUS"	2.67	0.36%	9600	1689240	0.6310999529	
"HOLST"	2.65	0.36%	9540	1698780	0.6346640963	
"COPLAND"	2.58	0.35%	9300	1708080	0.6381385757	
"BIZET"	2.57	0.35%	9240	1717320	0.6415906391	
"GLAZUNOV"	2.53	0.34%	9120	1726440	0.6449978705	
"TRADITIONAL"	2.52	0.34%	9060	1735500	0.6483826859	
"SOR"	2.47	0.33%	8880	1744380	0.6517002533	
"CILEA"	2.45	0.33%	8820	1753200	0.6549954047	
"PLEYEL"	2.33	0.31%	8400	1761600	0.6581336442	
"RESPIGHI"	2.32	0.31%	8340	1769940	0.6612494676	
"ALBÉNIZ"	2.28	0.31%	8220	1778160	0.6643204591	
"EINAUDI"	2.28	0.31%	8220	1786380	0.6673914505	
"FRANCK"	2.15	0.29%	7740	1794120	0.670283114	
"SHOSTAKOVICH"	2.07	0.28%	7440	1801560	0.6730626975	
"DITTERSDORF"	1.98	0.27%	7140	1808700	0.6757302011	
"FASCH"	1.97	0.26%	7080	1815780	0.6783752886	
"WRANITZKY"	1.92	0.26%	6900	1822680	0.6809531282	
"ROSSINI"	1.90	0.26%	6840	1829520	0.6835085517	
"BORODIN"	1.90	0.26%	6840	1836360	0.6860639753	
"BERLIOZ"	1.87	0.25%	6720	1843080	0.6885745668	
"GOSSEC"	1.83	0.25%	6600	1849680	0.6910403264	
"SCARLATTI, D."	1.82	0.24%	6540	1856220	0.6934836699	
"CLEMENTI"	1.80	0.24%	6480	1862700	0.6959045975	
"DUSSEK"	1.78	0.24%	6420	1869120	0.6983031091	
"PAGANINI"	1.70	0.23%	6120	1875240	0.7005895407	
"DOWLAND"	1.65	0.22%	5940	1881180	0.7028087243	
"ADAM"	1.63	0.22%	5880	1887060	0.7050054919	
"REICHA"	1.62	0.22%	5820	1892880	0.7071798435	
"RIES"	1.58	0.21%	5700	1898580	0.7093093632	
"TANEYEV"	1.55	0.21%	5580	1904160	0.7113940508	
"STAMITZ, C."	1.55	0.21%	5580	1909740	0.7134787384	
"BARTOK"	1.53	0.21%	5520	1915260	0.7155410101	
"STRAVINSKY"	1.52	0.20%	5460	1920720	0.7175808657	
"DELIUS"	1.50	0.20%	5400	1926120	0.7195983054	
"FIELD"	1.48	0.20%	5340	1931460	0.721593329	
"JANÁCEK"	1.48	0.20%	5340	1936800	0.7235883526	
"DANZI"	1.47	0.20%	5280	1942080	0.7255609603	
"BEACH"	1.45	0.20%	5220	1947300	0.727511152	
"CORELLI"	1.43	0.19%	5160	1952460	0.7294389276	
"PURCELL"	1.43	0.19%	5160	1957620	0.7313667033	
"ONSLOW"	1.43	0.19%	5160	1962780	0.7332944789	
"BRUCH"	1.43	0.19%	5160	1967940	0.7352222546	
"STENHAMMAR"	1.43	0.19%	5160	1973100	0.7371500303	
"MUSSORGSKY"	1.42	0.19%	5100	1978200	0.7390553899	
"HOFFMEISTER"	1.37	0.18%	4920	1983120	0.7408935016	
"KODÁLY"	1.37	0.18%	4920	1988040	0.7427316133	
"MAGNARD"	1.37	0.18%	4920	1992960	0.744569725	
"CRUSELL"	1.35	0.18%	4860	1997820	0.7463854206	
"WALTON"	1.35	0.18%	4860	2002680	0.7482011163	
"DELIBES"	1.35	0.18%	4860	2007540	0.750016812	
"GRANADOS"	1.35	0.18%	4860	2012400	0.7518325077	
"BRUCKNER"	1.30	0.17%	4680	2017080	0.7535809554	
"STRAUSS, JOHANN, JR."	1.25	0.17%	4500	2021580	0.7552621551	
"RIMSKY-KORSAKOV"	1.23	0.17%	4440	2026020	0.7569209388	
"SUK"	1.23	0.17%	4440	2030460	0.7585797225	
"ENESCU"	1.20	0.16%	4320	2034780	0.7601936742	
"BARBER"	1.20	0.16%	4320	2039100	0.7618076259	
"STANFORD"	1.20	0.16%	4320	2043420	0.7634215776	
"SMETANA"	1.20	0.16%	4320	2047740	0.7650355294	
"BREINER"	1.20	0.16%	4320	2052060	0.7666494811	
"VERDI"	1.17	0.16%	4200	2056260	0.7682186008	
"WIENIAWSKI"	1.15	0.15%	4140	2060400	0.7697653045	
"FRESCOBALDI"	1.13	0.15%	4080	2064480	0.7712895923	
"MOZART, L."	1.12	0.15%	4020	2068500	0.772791464	
"SATIE"	1.12	0.15%	4020	2072520	0.7742933357	
"LESSEL"	1.10	0.15%	3960	2076480	0.7757727915	
"ARCHDUKE RUDOLPH"	1.10	0.15%	3960	2080440	0.7772522472	
"DUFAY"	1.10	0.15%	3960	2084400	0.7787317029	
"COUPERIN"	1.08	0.15%	3900	2088300	0.7801887427	
"RÓZSA"	1.08	0.15%	3900	2092200	0.7816457824	
"HERRMANN"	1.07	0.14%	3840	2096040	0.7830804062	
"OCKEGHEM"	1.05	0.14%	3780	2099820	0.7844926139	
"REINECKE"	1.05	0.14%	3780	2103600	0.7859048217	
"ALBINONI"	1.03	0.14%	3720	2107320	0.7872946134	
"BLOCH"	1.03	0.14%	3720	2111040	0.7886844052	
"BERNSTEIN"	1.02	0.14%	3660	2114700	0.790051781	
"GRAINGER"	1.02	0.14%	3660	2118360	0.7914191567	
"LALO"	0.98	0.13%	3540	2121900	0.7927417005	
"VIOTTI"	0.98	0.13%	3540	2125440	0.7940642442	
"MEDTNER"	0.98	0.13%	3540	2128980	0.795386788	
"MÉHUL"	0.97	0.13%	3480	2132460	0.7966869158	
"O'CONNOR"	0.95	0.13%	3420	2135880	0.7979646276	
"ROSETTI"	0.93	0.13%	3360	2139240	0.7992199233	
"WEYSE"	0.93	0.13%	3360	2142600	0.8004752191	
"JARRE"	0.93	0.13%	3360	2145960	0.8017305149	
"BRITTEN"	0.92	0.12%	3300	2149260	0.8029633947	
"ANONYMOUS"	0.92	0.12%	3300	2152560	0.8041962745	
"MAHLER"	0.88	0.12%	3180	2155740	0.8053843223	
"PÄRT"	0.87	0.12%	3120	2158860	0.806549954	
"GROFÉ"	0.87	0.12%	3120	2161980	0.8077155858	
"FALLA"	0.85	0.11%	3060	2165040	0.8088588016	
"WITT"	0.85	0.11%	3060	2168100	0.8100020174	
"DONIZETTI"	0.83	0.11%	3000	2171100	0.8111228172	
"BAERMANN"	0.83	0.11%	3000	2174100	0.812243617	
"BRIDGE"	0.83	0.11%	3000	2177100	0.8133644168	
"GLASS"	0.83	0.11%	3000	2180100	0.8144852167	
"VANHAL"	0.83	0.11%	3000	2183100	0.8156060165	
"ZURMÜHLE"	0.82	0.11%	2940	2186040	0.8167044003	
"REGER"	0.82	0.11%	2940	2188980	0.8178027841	
"BOIELDIEU"	0.80	0.11%	2880	2191860	0.8188787519	
"KORNGOLD"	0.80	0.11%	2880	2194740	0.8199547197	
"THALBERG"	0.80	0.11%	2880	2197620	0.8210306875	
"BUECHNER"	0.80	0.11%	2880	2200500	0.8221066553	
"NEDBAL"	0.80	0.11%	2880	2203380	0.8231826231	
"GEMINIANI"	0.80	0.11%	2880	2206260	0.8242585909	
"FOERSTER, J.B."	0.78	0.11%	2820	2209080	0.8253121427	
"RUBINSTEIN"	0.78	0.11%	2820	2211900	0.8263656946	
"YSAYE"	0.77	0.10%	2760	2214660	0.8273968304	
"ADAMS"	0.77	0.10%	2760	2217420	0.8284279662	
"PONCE"	0.77	0.10%	2760	2220180	0.829459102	
"MUFFAT"	0.77	0.10%	2760	2222940	0.8304902378	
"WIDOR"	0.77	0.10%	2760	2225700	0.8315213737	
"SOLER"	0.77	0.10%	2760	2228460	0.8325525095	
"WOLF-FERRARI"	0.75	0.10%	2700	2231160	0.8335612293	
"ABEL"	0.75	0.10%	2700	2233860	0.8345699491	
"COWELL"	0.73	0.10%	2640	2236500	0.8355562529	
"NARVÁEZ"	0.73	0.10%	2640	2239140	0.8365425568	
"PRINCE FERDINAND"	0.73	0.10%	2640	2241780	0.8375288606	
"IRELAND"	0.73	0.10%	2640	2244420	0.8385151644	
"STAMITZ, J."	0.72	0.10%	2580	2247000	0.8394790523	
"ARNOLD, S."	0.72	0.10%	2580	2249580	0.8404429401	
"GLINKA"	0.72	0.10%	2580	2252160	0.8414068279	
"GOLDMARK"	0.72	0.10%	2580	2254740	0.8423707157	
"OFFENBACH"	0.70	0.09%	2520	2257260	0.8433121876	
"NEWMAN, THOMAS"	0.70	0.09%	2520	2259780	0.8442536594	
"DURUFLÉ"	0.70	0.09%	2520	2262300	0.8451951312	
"MYSLIVECEK"	0.68	0.09%	2460	2264760	0.8461141871	
"BACH, J.B."	0.68	0.09%	2460	2267220	0.8470332429	
"LACHNER, F.P."	0.68	0.09%	2460	2269680	0.8479522988	
"QUANTZ"	0.68	0.09%	2460	2272140	0.8488713546	
"LIADOV"	0.67	0.09%	2400	2274540	0.8497679944	
"CHAUSSON"	0.67	0.09%	2400	2276940	0.8506646343	
"IPPOLITOV-IVANOV"	0.67	0.09%	2400	2279340	0.8515612741	
"GYROWETZ"	0.67	0.09%	2400	2281740	0.852457914	
"BAYER"	0.65	0.09%	2340	2284080	0.8533321378	
"DEVIENNE"	0.65	0.09%	2340	2286420	0.8542063617	
"CEREROLS"	0.65	0.09%	2340	2288760	0.8550805855	
"HAHN, R."	0.65	0.09%	2340	2291100	0.8559548094	
"BACH, W.F."	0.63	0.09%	2280	2293380	0.8568066172	
"LITOLFF"	0.63	0.09%	2280	2295660	0.8576584251	
"MACDOWELL"	0.60	0.08%	2160	2297820	0.8584654009	
"SCHEIBE"	0.60	0.08%	2160	2299980	0.8592723768	
"MATIEGKA"	0.60	0.08%	2160	2302140	0.8600793526	
"GIBBS"	0.60	0.08%	2160	2304300	0.8608863285	
"GUERRERO, F."	0.58	0.08%	2100	2306400	0.8616708883	
"WILLIAMS"	0.58	0.08%	2100	2308500	0.8624554482	
"BERIOT"	0.58	0.08%	2100	2310600	0.8632400081	
"VILLA-LOBOS"	0.57	0.08%	2040	2312640	0.8640021519	
"BIBER"	0.57	0.08%	2040	2314680	0.8647642958	
"HAMERIK"	0.57	0.08%	2040	2316720	0.8655264397	
"CIMAROSA"	0.55	0.07%	1980	2318700	0.8662661675	
"STANLEY, J."	0.55	0.07%	1980	2320680	0.8670058954	
"THOMAS, J."	0.55	0.07%	1980	2322660	0.8677456233	
"COATES"	0.53	0.07%	1920	2324580	0.8684629352	
"HARTY"	0.53	0.07%	1920	2326500	0.869180247	
"REINAGLE"	0.53	0.07%	1920	2328420	0.8698975589	
"PACHELBEL"	0.53	0.07%	1920	2330340	0.8706148708	
"KREISLER"	0.53	0.07%	1920	2332260	0.8713321826	
"KOZELUCH"	0.53	0.07%	1920	2334180	0.8720494945	
"MIASKOVSKY"	0.53	0.07%	1920	2336100	0.8727668064	
"PARISH-ALVARS"	0.53	0.07%	1920	2338020	0.8734841183	
"GLUCK"	0.52	0.07%	1860	2339880	0.8741790141	
"CRAMER"	0.52	0.07%	1860	2341740	0.87487391	
"SCHOENBERG"	0.52	0.07%	1860	2343600	0.8755688059	
"WILMS"	0.52	0.07%	1860	2345460	0.8762637018	
"LOBO, A."	0.50	0.07%	1800	2347260	0.8769361817	
"SMYTH"	0.50	0.07%	1800	2349060	0.8776086615	
"PALESTRINA"	0.50	0.07%	1800	2350860	0.8782811414	
"LOCATELLI"	0.50	0.07%	1800	2352660	0.8789536213	
"GUILMANT"	0.50	0.07%	1800	2354460	0.8796261012	
"EICHNER"	0.50	0.07%	1800	2356260	0.8802985811	
"MOLIQUE"	0.50	0.07%	1800	2358060	0.8809710609	
"HERZOGENBERG"	0.50	0.07%	1800	2359860	0.8816435408	
"SALIERI"	0.50	0.07%	1800	2361660	0.8823160207	
"RAFF"	0.50	0.07%	1800	2363460	0.8829885006	
"REUBKE"	0.50	0.07%	1800	2365260	0.8836609805	
"MANCHICOURT"	0.50	0.07%	1800	2367060	0.8843334604	
"GRETCHANINOV"	0.50	0.07%	1800	2368860	0.8850059402	
"SVENDSEN"	0.48	0.07%	1740	2370600	0.8856560041	
"FESCA"	0.48	0.07%	1740	2372340	0.886306068	
"TARTINI"	0.48	0.07%	1740	2374080	0.8869561319	
"HALVORSEN"	0.48	0.07%	1740	2375820	0.8876061958	
"FREDERICK II"	0.48	0.07%	1740	2377560	0.8882562597	
"CAMPAGNOLI"	0.48	0.07%	1740	2379300	0.8889063236	
"CHADWICK"	0.48	0.07%	1740	2381040	0.8895563874	
"MARX"	0.48	0.07%	1740	2382780	0.8902064513	
"CHAMINADE"	0.48	0.07%	1740	2384520	0.8908565152	
"HARTMANN, J.P.E."	0.48	0.07%	1740	2386260	0.8915065791	
"LULLY"	0.47	0.06%	1680	2387940	0.892134227	
"DRUSCHETZKY"	0.47	0.06%	1680	2389620	0.8927618749	
"RYBA"	0.47	0.06%	1680	2391300	0.8933895228	
"JENNER"	0.47	0.06%	1680	2392980	0.8940171707	
"PAISIELLO"	0.47	0.06%	1680	2394660	0.8946448185	
"BRÜLL"	0.47	0.06%	1680	2396340	0.8952724664	
"POULENC"	0.45	0.06%	1620	2397960	0.8958776983	
"MILHAUD"	0.45	0.06%	1620	2399580	0.8964829302	
"HINDEMITH"	0.45	0.06%	1620	2401200	0.8970881621	
"PHILIDOR L'AÎNÉ"	0.45	0.06%	1620	2402820	0.897693394	
"GOTTSCHALK"	0.43	0.06%	1560	2404380	0.8982762099	
"ARRIAGA"	0.43	0.06%	1560	2405940	0.8988590258	
"DOHNÁNYI"	0.43	0.06%	1560	2407500	0.8994418417	
"ROTA"	0.43	0.06%	1560	2409060	0.9000246576	
"ORDONEZ"	0.43	0.06%	1560	2410620	0.9006074735	
"KELLNER"	0.43	0.06%	1560	2412180	0.9011902894	
"LEIGHTON"	0.43	0.06%	1560	2413740	0.9017731053	
"HANDEL/BEECHAM"	0.43	0.06%	1560	2415300	0.9023559212	
"BISCOGLI"	0.43	0.06%	1560	2416860	0.9029387371	
"HOLZBAUER"	0.43	0.06%	1560	2418420	0.903521553	
"SAINT-GEORGES"	0.43	0.06%	1560	2419980	0.9041043689	
"KARLOWICZ"	0.43	0.06%	1560	2421540	0.9046871848	
"SUPPÉ"	0.42	0.06%	1500	2423040	0.9052475847	
"GOUNOD"	0.42	0.06%	1500	2424540	0.9058079846	
"CAGE"	0.40	0.05%	1440	2425980	0.9063459685	
"TÁRREGA"	0.40	0.05%	1440	2427420	0.9068839524	
"BENDA, F."	0.40	0.05%	1440	2428860	0.9074219363	
"AVISON"	0.40	0.05%	1440	2430300	0.9079599202	
"SZELL"	0.40	0.05%	1440	2431740	0.9084979041	
"FANELLI"	0.40	0.05%	1440	2433180	0.909035888	
"SCHNEIDER, F."	0.40	0.05%	1440	2434620	0.9095738719	
"BLACHER"	0.40	0.05%	1440	2436060	0.9101118558	
"LOBO, D."	0.40	0.05%	1440	2437500	0.9106498397	
"HOFMANN, L."	0.40	0.05%	1440	2438940	0.9111878236	
"MERIKANTO, A."	0.40	0.05%	1440	2440380	0.9117258075	
"LASSER"	0.38	0.05%	1380	2441760	0.9122413754	
"EYBLER"	0.38	0.05%	1380	2443140	0.9127569434	
"PIAZZOLLA"	0.38	0.05%	1380	2444520	0.9132725113	
"ZIMMER"	0.38	0.05%	1380	2445900	0.9137880792	
"CHABRIER"	0.38	0.05%	1380	2447280	0.9143036471	
"KHACHATURIAN"	0.38	0.05%	1380	2448660	0.914819215	
"BLISS"	0.38	0.05%	1380	2450040	0.9153347829	
"SCHUMANN, C."	0.38	0.05%	1380	2451420	0.9158503508	
"PERGOLESI"	0.38	0.05%	1380	2452800	0.9163659187	
"BUTTERWORTH"	0.37	0.05%	1320	2454120	0.9168590706	
"KREBS"	0.37	0.05%	1320	2455440	0.9173522225	
"SCHULHOFF"	0.37	0.05%	1320	2456760	0.9178453745	
"SCHUBERT, J.F."	0.37	0.05%	1320	2458080	0.9183385264	
"ALFVÉN"	0.37	0.05%	1320	2459400	0.9188316783	
"GABRIELI, G."	0.37	0.05%	1320	2460720	0.9193248302	
"BANTOCK"	0.37	0.05%	1320	2462040	0.9198179821	
"REZNICEK"	0.37	0.05%	1320	2463360	0.920311134	
"MERCADANTE"	0.35	0.05%	1260	2464620	0.9207818699	
"SCHMELZER"	0.35	0.05%	1260	2465880	0.9212526059	
"CARISSIMI"	0.35	0.05%	1260	2467140	0.9217233418	
"SOLÈRE"	0.35	0.05%	1260	2468400	0.9221940777	
"SOBECK"	0.35	0.05%	1260	2469660	0.9226648136	
"WOOD, H."	0.33	0.04%	1200	2470860	0.9231131335	
"MOLTER"	0.33	0.04%	1200	2472060	0.9235614535	
"CUI"	0.33	0.04%	1200	2473260	0.9240097734	
"HARTMANN, E."	0.33	0.04%	1200	2474460	0.9244580933	
"SCHILDT"	0.33	0.04%	1200	2475660	0.9249064132	
"FIORILLO"	0.33	0.04%	1200	2476860	0.9253547331	
"SCHOENFIELD"	0.33	0.04%	1200	2478060	0.9258030531	
"TURINA"	0.32	0.04%	1140	2479200	0.926228957	
"HEROLD"	0.32	0.04%	1140	2480340	0.9266548609	
"ERLEBACH"	0.32	0.04%	1140	2481480	0.9270807648	
"SAKAMOTO"	0.32	0.04%	1140	2482620	0.9275066688	
"DORNEL"	0.32	0.04%	1140	2483760	0.9279325727	
"BACARISSE"	0.32	0.04%	1140	2484900	0.9283584766	
"PORPORA"	0.32	0.04%	1140	2486040	0.9287843805	
"PIERNÉ"	0.30	0.04%	1080	2487120	0.9291878685	
"KULESHA"	0.30	0.04%	1080	2488200	0.9295913564	
"ZELENKA"	0.30	0.04%	1080	2489280	0.9299948443	
"VIERNE"	0.30	0.04%	1080	2490360	0.9303983322	
"SCHEIDT"	0.30	0.04%	1080	2491440	0.9308018202	
"WIRÉN"	0.30	0.04%	1080	2492520	0.9312053081	
"FINE"	0.30	0.04%	1080	2493600	0.931608796	
"KABALEVSKY"	0.28	0.04%	1020	2494620	0.931989868	
"NARDINI"	0.28	0.04%	1020	2495640	0.9323709399	
"HIGDON"	0.28	0.04%	1020	2496660	0.9327520118	
"PISENDEL"	0.28	0.04%	1020	2497680	0.9331330838	
"ELFMAN"	0.28	0.04%	1020	2498700	0.9335141557	
"MASSENET"	0.28	0.04%	1020	2499720	0.9338952276	
"SARASATE"	0.28	0.04%	1020	2500740	0.9342762996	
"JOPLIN"	0.28	0.04%	1020	2501760	0.9346573715	
"WEICHLEIN"	0.28	0.04%	1020	2502780	0.9350384434	
"MESSIAEN"	0.28	0.04%	1020	2503800	0.9354195154	
"GOULD"	0.28	0.04%	1020	2504820	0.9358005873	
"BACH, J.C.F."	0.28	0.04%	1020	2505840	0.9361816592	
"EWALD"	0.28	0.04%	1020	2506860	0.9365627312	
"BECK, F."	0.27	0.04%	960	2507820	0.9369213871	
"VORÍSEK"	0.27	0.04%	960	2508780	0.937280043	
"JOHNSTON"	0.27	0.04%	960	2509740	0.937638699	
"VAN HOOF"	0.27	0.04%	960	2510700	0.9379973549	
"ANDERSON"	0.27	0.04%	960	2511660	0.9383560108	
"BOND"	0.27	0.04%	960	2512620	0.9387146668	
"IBERT"	0.27	0.04%	960	2513580	0.9390733227	
"THOMPSON"	0.27	0.04%	960	2514540	0.9394319787	
"NICOLAI"	0.27	0.04%	960	2515500	0.9397906346	
"CALACE"	0.27	0.04%	960	2516460	0.9401492905	
"POKORNY"	0.27	0.04%	960	2517420	0.9405079465	
"GRILL"	0.27	0.04%	960	2518380	0.9408666024	
"GLIÈRE"	0.27	0.04%	960	2519340	0.9412252583	
"GJEILO"	0.27	0.04%	960	2520300	0.9415839143	
"SHAW, T."	0.27	0.04%	960	2521260	0.9419425702	
"FUNCK"	0.27	0.04%	960	2522220	0.9423012262	
"KREUTZER, R."	0.27	0.04%	960	2523180	0.9426598821	
"GESUALDO"	0.25	0.03%	900	2524080	0.942996122	
"WÖLFL"	0.25	0.03%	900	2524980	0.943332362	
"LECLAIR"	0.25	0.03%	900	2525880	0.9436686019	
"HERBERT"	0.25	0.03%	900	2526780	0.9440048419	
"ALBRECHTSBERGER"	0.25	0.03%	900	2527680	0.9443410818	
"LASSO"	0.25	0.03%	900	2528580	0.9446773217	
"MEDER"	0.25	0.03%	900	2529480	0.9450135617	
"DOYLE"	0.25	0.03%	900	2530380	0.9453498016	
"GRONEMAN"	0.25	0.03%	900	2531280	0.9456860416	
"MALMBERG"	0.25	0.03%	900	2532180	0.9460222815	
"SHENG"	0.25	0.03%	900	2533080	0.9463585214	
"HASSE"	0.25	0.03%	900	2533980	0.9466947614	
"GALUPPI"	0.25	0.03%	900	2534880	0.9470310013	
"SAMMARTINI, G.B."	0.25	0.03%	900	2535780	0.9473672413	
"SCHMITT, J."	0.25	0.03%	900	2536680	0.9477034812	
"PIACENTINO"	0.25	0.03%	900	2537580	0.9480397211	
"SMETHERGELL"	0.25	0.03%	900	2538480	0.9483759611	
"HARBACH"	0.25	0.03%	900	2539380	0.948712201	
"YARDUMIAN"	0.23	0.03%	840	2540220	0.949026025	
"PICCINNI"	0.23	0.03%	840	2541060	0.9493398489	
"OHKI"	0.23	0.03%	840	2541900	0.9496536729	
"D'ALBERT"	0.23	0.03%	840	2542740	0.9499674968	
"PARADIS"	0.23	0.03%	840	2543580	0.9502813208	
"GRAGNANI"	0.23	0.03%	840	2544420	0.9505951447	
"ALLEGRI"	0.23	0.03%	840	2545260	0.9509089686	
"GOMBERT"	0.23	0.03%	840	2546100	0.9512227926	
"NÁPRAVNIK"	0.23	0.03%	840	2546940	0.9515366165	
"BARRIOS MANGORE"	0.23	0.03%	840	2547780	0.9518504405	
"DALL'ABACO"	0.22	0.03%	780	2548560	0.9521418484	
"KUSSER"	0.22	0.03%	780	2549340	0.9524332564	
"SCRIABIN"	0.22	0.03%	780	2550120	0.9527246643	
"FRUMERIE"	0.22	0.03%	780	2550900	0.9530160723	
"BARRY"	0.22	0.03%	780	2551680	0.9533074802	
"SIRMEN"	0.22	0.03%	780	2552460	0.9535988882	
"BEASER"	0.22	0.03%	780	2553240	0.9538902961	
"MIELCZEWSKI"	0.22	0.03%	780	2554020	0.9541817041	
"WASSENAER"	0.22	0.03%	780	2554800	0.954473112	
"LECCE"	0.22	0.03%	780	2555580	0.95476452	
"DUBOIS, T."	0.22	0.03%	780	2556360	0.9550559279	
"DAUBE"	0.22	0.03%	780	2557140	0.9553473359	
"SAINT-LUC"	0.22	0.03%	780	2557920	0.9556387438	
"TOMLINSON"	0.22	0.03%	780	2558700	0.9559301518	
"BLASIUS"	0.22	0.03%	780	2559480	0.9562215597	
"PICHL"	0.22	0.03%	780	2560260	0.9565129677	
"SIMPSON"	0.22	0.03%	780	2561040	0.9568043756	
"ARNE"	0.22	0.03%	780	2561820	0.9570957836	
"MCPHEE"	0.22	0.03%	780	2562600	0.9573871915	
"NAGAO"	0.22	0.03%	780	2563380	0.9576785994	
"BALAKIREV"	0.22	0.03%	780	2564160	0.9579700074	
"DUKAS"	0.20	0.03%	720	2564880	0.9582389993	
"MERTZ"	0.20	0.03%	720	2565600	0.9585079913	
"FOOTE"	0.20	0.03%	720	2566320	0.9587769833	
"ZAVATERI"	0.20	0.03%	720	2567040	0.9590459752	
"SAMMARTINI, G."	0.20	0.03%	720	2567760	0.9593149672	
"FOSS"	0.20	0.03%	720	2568480	0.9595839591	
"JACOB, G."	0.20	0.03%	720	2569200	0.9598529511	
"ISHAM"	0.20	0.03%	720	2569920	0.960121943	
"YARED"	0.20	0.03%	720	2570640	0.960390935	
"MARTYNOV"	0.20	0.03%	720	2571360	0.9606599269	
"SATOH"	0.20	0.03%	720	2572080	0.9609289189	
"VOGEL, J.C."	0.20	0.03%	720	2572800	0.9611979108	
"RAPPAPORT"	0.20	0.03%	720	2573520	0.9614669028	
"SCHREKER"	0.20	0.03%	720	2574240	0.9617358947	
"POLLINI"	0.20	0.03%	720	2574960	0.9620048867	
"RUST, F.W."	0.20	0.03%	720	2575680	0.9622738786	
"MANTIA"	0.20	0.03%	720	2576400	0.9625428706	
"WESTHOFF"	0.20	0.03%	720	2577120	0.9628118625	
"LUTOSLAWSKI"	0.20	0.03%	720	2577840	0.9630808545	
"DAVIDOFF"	0.20	0.03%	720	2578560	0.9633498465	
"MILAN"	0.18	0.02%	660	2579220	0.9635964224	
"CANNABICH"	0.18	0.02%	660	2579880	0.9638429984	
"COLERIDGE-TAYLOR"	0.18	0.02%	660	2580540	0.9640895743	
"WARLOCK"	0.18	0.02%	660	2581200	0.9643361503	
"FREEDMAN"	0.18	0.02%	660	2581860	0.9645827262	
"BACH/GOUNOD"	0.18	0.02%	660	2582520	0.9648293022	
"CALVERT"	0.18	0.02%	660	2583180	0.9650758781	
"LAURIDSEN"	0.18	0.02%	660	2583840	0.9653224541	
"STILL"	0.18	0.02%	660	2584500	0.9655690301	
"DORMAN"	0.18	0.02%	660	2585160	0.965815606	
"WEINBERGER"	0.18	0.02%	660	2585820	0.966062182	
"MARSH"	0.18	0.02%	660	2586480	0.9663087579	
"TAFFANEL"	0.18	0.02%	660	2587140	0.9665553339	
"STEINER"	0.18	0.02%	660	2587800	0.9668019098	
"PIZZETTI"	0.18	0.02%	660	2588460	0.9670484858	
"GRANDJANY"	0.18	0.02%	660	2589120	0.9672950618	
"PONCHIELLI"	0.18	0.02%	660	2589780	0.9675416377	
"SERESS"	0.18	0.02%	660	2590440	0.9677882137	
"CARULLI"	0.18	0.02%	660	2591100	0.9680347896	
"STRAUSS, JOSEF"	0.18	0.02%	660	2591760	0.9682813656	
"DUPARC"	0.18	0.02%	660	2592420	0.9685279415	
"JONES, S."	0.18	0.02%	660	2593080	0.9687745175	
"TALLIS"	0.18	0.02%	660	2593740	0.9690210935	
"EXPLORING MUSIC"	0.18	0.02%	660	2594400	0.9692676694	
"SUSATO"	0.17	0.02%	600	2595000	0.9694918294	
"GALLAGHER"	0.17	0.02%	600	2595600	0.9697159893	
"BONONCINI"	0.17	0.02%	600	2596200	0.9699401493	
"CASTELNUOVO-TEDESCO"	0.17	0.02%	600	2596800	0.9701643093	
"DA MILANO"	0.17	0.02%	600	2597400	0.9703884692	
"SILVESTRI"	0.17	0.02%	600	2598000	0.9706126292	
"CLARKE, J."	0.17	0.02%	600	2598600	0.9708367891	
"GINASTERA"	0.17	0.02%	600	2599200	0.9710609491	
"KALINNIKOV"	0.17	0.02%	600	2599800	0.9712851091	
"TAVENER"	0.17	0.02%	600	2600400	0.971509269	
"ROSENBLATT"	0.17	0.02%	600	2601000	0.971733429	
"YOKO"	0.17	0.02%	600	2601600	0.9719575889	
"CLEMENS NON PAPA"	0.17	0.02%	600	2602200	0.9721817489	
"KARMON"	0.17	0.02%	600	2602800	0.9724059089	
"WEBER, B.D."	0.17	0.02%	600	2603400	0.9726300688	
"HARTMANN, J.E."	0.15	0.02%	540	2603940	0.9728318128	
"ÁLVAREZ, J."	0.15	0.02%	540	2604480	0.9730335567	
"NDODANA"	0.15	0.02%	540	2605020	0.9732353007	
"WALDTEUFEL"	0.15	0.02%	540	2605560	0.9734370447	
"CHAPLIN"	0.15	0.02%	540	2606100	0.9736387886	
"QUILTER"	0.15	0.02%	540	2606640	0.9738405326	
"DES PREZ"	0.15	0.02%	540	2607180	0.9740422766	
"HOWARD"	0.15	0.02%	540	2607720	0.9742440205	
"FISCHER, J.C.F."	0.15	0.02%	540	2608260	0.9744457645	
"HOVHANESS"	0.15	0.02%	540	2608800	0.9746475085	
"CSERMÁK"	0.15	0.02%	540	2609340	0.9748492524	
"AGUADO"	0.15	0.02%	540	2609880	0.9750509964	
"MORRICONE"	0.15	0.02%	540	2610420	0.9752527404	
"FOSTER"	0.15	0.02%	540	2610960	0.9754544843	
"MASCAGNI"	0.15	0.02%	540	2611500	0.9756562283	
"MOREL, J."	0.15	0.02%	540	2612040	0.9758579722	
"GASSMANN"	0.15	0.02%	540	2612580	0.9760597162	
"DAMASE"	0.15	0.02%	540	2613120	0.9762614602	
"VICTORIA"	0.13	0.02%	480	2613600	0.9764407881	
"LAMBERT"	0.13	0.02%	480	2614080	0.9766201161	
"LAWES"	0.13	0.02%	480	2614560	0.9767994441	
"KASKI"	0.13	0.02%	480	2615040	0.9769787721	
"CENSHU"	0.13	0.02%	480	2615520	0.9771581	
"STOUT"	0.13	0.02%	480	2616000	0.977337428	
"URQUHART"	0.13	0.02%	480	2616480	0.977516756	
"ESTEVEZ"	0.13	0.02%	480	2616960	0.9776960839	
"ENO/LANOIS"	0.13	0.02%	480	2617440	0.9778754119	
"GOLIJOV"	0.13	0.02%	480	2617920	0.9780547399	
"HORNER"	0.13	0.02%	480	2618400	0.9782340678	
"HEIDEN"	0.13	0.02%	480	2618880	0.9784133958	
"FEIGENBAUM"	0.13	0.02%	480	2619360	0.9785927238	
"GERVASIO"	0.13	0.02%	480	2619840	0.9787720517	
"YAMADA"	0.13	0.02%	480	2620320	0.9789513797	
"LEFÉBURE-WÉLY"	0.13	0.02%	480	2620800	0.9791307077	
"ALWYN"	0.13	0.02%	480	2621280	0.9793100356	
"GILARDINO"	0.13	0.02%	480	2621760	0.9794893636	
"WOLF"	0.13	0.02%	480	2622240	0.9796686916	
"RICHTER, MAX"	0.13	0.02%	480	2622720	0.9798480195	
"PHILIDOR, F.A."	0.13	0.02%	480	2623200	0.9800273475	
"RAMAN"	0.13	0.02%	480	2623680	0.9802066755	
"TSABROPOULOS"	0.13	0.02%	480	2624160	0.9803860035	
"MOODY, I."	0.12	0.02%	420	2624580	0.9805429154	
"TUNG/WONG"	0.12	0.02%	420	2625000	0.9806998274	
"MOURET"	0.12	0.02%	420	2625420	0.9808567394	
"SCHULMAN"	0.12	0.02%	420	2625840	0.9810136513	
"BENJAMIN, A."	0.12	0.02%	420	2626260	0.9811705633	
"STREITENFELD"	0.12	0.02%	420	2626680	0.9813274753	
"LOS ANGELES GUITAR QUARTET"	0.12	0.02%	420	2627100	0.9814843873	
"MIYAGI"	0.12	0.02%	420	2627520	0.9816412992	
"MARAIS"	0.12	0.02%	420	2627940	0.9817982112	
"MOZART, F.X."	0.12	0.02%	420	2628360	0.9819551232	
"DANIEL-LESUR"	0.12	0.02%	420	2628780	0.9821120351	
"ROSSETER"	0.12	0.02%	420	2629200	0.9822689471	
"HOFFSTETTER"	0.12	0.02%	420	2629620	0.9824258591	
"JÄRNEFELT"	0.12	0.02%	420	2630040	0.9825827711	
"MARINI"	0.12	0.02%	420	2630460	0.982739683	
"ENGEL, C."	0.12	0.02%	420	2630880	0.982896595	
"WUBBENHORST"	0.12	0.02%	420	2631300	0.983053507	
"BOYCE"	0.12	0.02%	420	2631720	0.983210419	
"BRANDT, V."	0.12	0.02%	420	2632140	0.9833673309	
"ZUCKER"	0.12	0.02%	420	2632560	0.9835242429	
"SHEBALIN"	0.12	0.02%	420	2632980	0.9836811549	
"SCHMIDT"	0.12	0.02%	420	2633400	0.9838380668	
"NEVIN"	0.12	0.02%	420	2633820	0.9839949788	
"ROSENMÜLLER"	0.12	0.02%	420	2634240	0.9841518908	
"ORBÓN"	0.12	0.02%	420	2634660	0.9843088028	
"MUDARRA"	0.12	0.02%	420	2635080	0.9844657147	
"PILATI"	0.12	0.02%	420	2635500	0.9846226267	
"SGAMBATI"	0.12	0.02%	420	2635920	0.9847795387	
"LISOGUB"	0.12	0.02%	420	2636340	0.9849364507	
		0.02%	420	2636760	0.9850933626	
"HENNAGIN"		0.02%	420	2637180	0.9852502746	
"GURDJIEFF"		0.02%	420	2637600	0.9854071866	
"BLAKE"		0.01%	360	2637960	0.9855416825	
"PDQ BACH"		0.01%	360	2638320	0.9856761785	
"ZAWINUL"		0.01%	360	2638680	0.9858106745	
"GLENNIE"		0.01%	360	2639040	0.9859451705	
"BOCHSA"		0.01%	360	2639400	0.9860796664	
"KNOPFLER"		0.01%	360	2639760	0.9862141624	
"FINZI"		0.01%	360	2640120	0.9863486584	
"DALZA"		0.01%	360	2640480	0.9864831544	
"BAZZINI"		0.01%	360	2640840	0.9866176504	
"VÁNDOR"		0.01%	360	2641200	0.9867521463	
"READ, D."		0.01%	360	2641560	0.9868866423	
"YOCOH"		0.01%	360	2641920	0.9870211383	
"CASALS"		0.01%	360	2642280	0.9871556343	
"ELLINGTON"		0.01%	360	2642640	0.9872901302	
"MARTINI, J."		0.01%	360	2643000	0.9874246262	
"MAYR, G.S."		0.01%	360	2643360	0.9875591222	
"FALCKENHAGEN"		0.01%	360	2643720	0.9876936182	
"TIOMKIN"		0.01%	360	2644080	0.9878281141	
"TOURNIER"		0.01%	360	2644440	0.9879626101	
"KUUSISTO"		0.01%	360	2644800	0.9880971061	
"HEGGIE"		0.01%	360	2645160	0.9882316021	
"BAINTON"		0.01%	360	2645520	0.988366098	
"LONG, H.J."		0.01%	360	2645880	0.988500594	
"DUFF"		0.01%	360	2646240	0.98863509	
"BIBER, C.H."		0.01%	360	2646600	0.988769586	
"TORELLI"		0.01%	360	2646960	0.988904082	
"DEBNEY"		0.01%	360	2647320	0.9890385779	
"WELLS, K.G."		0.01%	360	2647680	0.9891730739	
"KETÈLBY"		0.01%	360	2648040	0.9893075699	
"RONCALLI"		0.01%	360	2648400	0.9894420659	
"SOUSA"		0.01%	360	2648760	0.9895765618	
"DONJON"		0.01%	360	2649120	0.9897110578	
"WAGENAAR"		0.01%	360	2649480	0.9898455538	
"WAGENSEIL"		0.01%	360	2649840	0.9899800498	
"CLARKE, R."		0.01%	360	2650200	0.9901145457	
"MOMPOU"		0.01%	300	2650500	0.9902266257	
"RIGHINI"		0.01%	300	2650800	0.9903387057	
"CAPLET"		0.01%	300	2651100	0.9904507857	
"CORIGLIANO"		0.01%	300	2651400	0.9905628657	
"GOLDSMITH"		0.01%	300	2651700	0.9906749456	
"POPPER"		0.01%	300	2652000	0.9907870256	
"BOCK"		0.01%	300	2652300	0.9908991056	
"MOREIRA"		0.01%	300	2652600	0.9910111856	
"GREGORIAN CHANT"		0.01%	300	2652900	0.9911232656	
"CALDARA"		0.01%	300	2653200	0.9912353455	
"BARGREEN"		0.01%	300	2653500	0.9913474255	
"ALBÉNIZ, M."		0.01%	300	2653800	0.9914595055	
"MESLER"		0.01%	300	2654100	0.9915715855	
"HASSELMANS"		0.01%	300	2654400	0.9916836655	
"LIEBERMANN, L."		0.01%	300	2654700	0.9917957454	
"ROUMAIN"		0.01%	300	2655000	0.9919078254	
"LEIFS"		0.01%	300	2655300	0.9920199054	
"DIABELLI"		0.01%	300	2655600	0.9921319854	
"GRÉTRY"		0.01%	300	2655900	0.9922440654	
"ATTAIGNANT"		0.01%	300	2656200	0.9923561453	
"BERNSTEIN, E."		0.01%	300	2656500	0.9924682253	
"BEATH"		0.01%	300	2656800	0.9925803053	
"RENIÉ"		0.01%	300	2657100	0.9926923853	
"SALOMON"		0.01%	300	2657400	0.9928044653	
"GNATTALI"		0.01%	300	2657700	0.9929165452	
"RYAN"		0.01%	300	2658000	0.9930286252	
"BELLINI"		0.01%	300	2658300	0.9931407052	
"THOMAS"		0.01%	300	2658600	0.9932527852	
"RICHTER, F.X."		0.01%	300	2658900	0.9933648652	
"TRIEBENSEE"		0.01%	300	2659200	0.9934769451	
"VELÁZQUEZ"		0.01%	300	2659500	0.9935890251	
"MASSAINO"		0.01%	300	2659800	0.9937011051	
"REICHARDT"		0.01%	300	2660100	0.9938131851	
"SOWASH, B."		0.01%	300	2660400	0.9939252651	
"ROBLES"		0.01%	300	2660700	0.994037345	
"GOSS, S."		0.01%	300	2661000	0.994149425	
"AAGESEN"		0.01%	240	2661240	0.994239089	
"MANCINI, H."		0.01%	240	2661480	0.994328753	
"MOTHERSBAUGH"		0.01%	240	2661720	0.994418417	
"WHITACRE"		0.01%	240	2661960	0.994508081	
"BACH, J.M."		0.01%	240	2662200	0.994597745	
"CARSE"		0.01%	240	2662440	0.9946874089	
"GISMONTI"		0.01%	240	2662680	0.9947770729	
"BELL, L."		0.01%	240	2662920	0.9948667369	
"MARCELLO, B."		0.01%	240	2663160	0.9949564009	
"COULAIS"		0.01%	240	2663400	0.9950460649	
"MARTUCCI"		0.01%	240	2663640	0.9951357289	
"UMEBAYASHI"		0.01%	240	2663880	0.9952253928	
"PICKER"		0.01%	240	2664120	0.9953150568	
"STRAUSS, JOHANN, SR."		0.01%	240	2664360	0.9954047208	
"VIARDOT"		0.01%	240	2664600	0.9954943848	
"DAVIES, P.M."		0.01%	240	2664840	0.9955840488	
"BYRON"		0.01%	240	2665080	0.9956737128	
"SKEMPTON"		0.01%	240	2665320	0.9957633767	
"WAXMAN, F."		0.01%	240	2665560	0.9958530407	
"CASTEREDE"		0.01%	240	2665800	0.9959427047	
"HEINICHEN"		0.01%	240	2666040	0.9960323687	
"VEJVANOVSKÝ"		0.01%	240	2666280	0.9961220327	
"BROUWER"		0.01%	240	2666520	0.9962116967	
"GODEFROID"		0.01%	240	2666760	0.9963013607	
"RHEINBERGER"		0.01%	240	2667000	0.9963910246	
"TORMIS"		0.01%	240	2667240	0.9964806886	
"PAISIBLE"		0.01%	240	2667480	0.9965703526	
"SCHOCKER"		0.01%	240	2667720	0.9966600166	
"WESLEY"		0.01%	240	2667960	0.9967496806	
"GARSON"		0.01%	240	2668200	0.9968393446	
"GERVAISE"		0.01%	240	2668440	0.9969290085	
"ORFF"		0.01%	240	2668680	0.9970186725	
"MORENO-TORROBA"		0.01%	180	2668860	0.9970859205	
"PADOVANO, ANDREA"		0.01%	180	2669040	0.9971531685	
"SANDRIN"		0.01%	180	2669220	0.9972204165	
"AUERBACH"		0.01%	180	2669400	0.9972876645	
"NEWMAN, R."		0.01%	180	2669580	0.9973549125	
"RABIN"		0.01%	180	2669760	0.9974221605	
"HURLSTONE"		0.01%	180	2669940	0.9974894084	
"FERNANDES, G."		0.01%	180	2670120	0.9975566564	
"RIBAYAZ"		0.01%	180	2670300	0.9976239044	
"KÖHLER"		0.01%	180	2670480	0.9976911524	
"DINICU"		0.01%	180	2670660	0.9977584004	
"GIMÉNEZ"		0.01%	180	2670840	0.9978256484	
"ARLEN"		0.01%	180	2671020	0.9978928964	
"GAWTHROP"		0.01%	180	2671200	0.9979601444	
"RIBEAUPIERRE"		0.01%	180	2671380	0.9980273923	
"VISÉE"		0.01%	180	2671560	0.9980946403	
"MOORE"		0.01%	180	2671740	0.9981618883	
"RODGERS"		0.01%	180	2671920	0.9982291363	
"NYMAN"		0.01%	180	2672100	0.9982963843	
"CASSADÓ"		0.01%	180	2672280	0.9983636323	
"KABELÁC"		0.01%	180	2672460	0.9984308803	
"GEORGE, T.R."		0.01%	180	2672640	0.9984981283	
"BLANCAFORT"		0.01%	180	2672820	0.9985653763	
"GRIFFES"		0.01%	180	2673000	0.9986326242	
"TAUBE"		0.01%	180	2673180	0.9986998722	
"LENNON/MCCARTNEY"		0.01%	180	2673360	0.9987671202	
"NARITA"		0.00%	120	2673480	0.9988119522	
"TERTIS"		0.00%	120	2673600	0.9988567842	
"LE JEUNE"		0.00%	120	2673720	0.9989016162	
"CAMPRA"		0.00%	120	2673840	0.9989464482	
"NELSON, B.J."		0.00%	120	2673960	0.9989912802	
"GIACCHINO"		0.00%	120	2674080	0.9990361122	
"POWELL, J."		0.00%	120	2674200	0.9990809442	
"JABLONSKY"		0.00%	120	2674320	0.9991257762	
"MANNINO"		0.00%	120	2674440	0.9991706081	
"ROMBERG, S."		0.00%	120	2674560	0.9992154401	
"SHORE"		0.00%	120	2674680	0.9992602721	
"NORTH"		0.00%	120	2674800	0.9993051041	
"MAUCERI"		0.00%	120	2674920	0.9993499361	
"KEY"		0.00%	120	2675040	0.9993947681	
"WARBECK"		0.00%	120	2675160	0.9994396001	
"CABEZÓN"		0.00%	120	2675280	0.9994844321	
"ORTIZ, D."		0.00%	120	2675400	0.9995292641	
"BADELT"		0.00%	120	2675520	0.9995740961	
"FRACKENPOHL"		0.00%	120	2675640	0.9996189281	
"BUSSER"		0.00%	120	2675760	0.9996637601	
"NIELSEN"		0.00%	120	2675880	0.9997085921	
"MANN, D."		0.00%	120	2676000	0.999753424	
"WOODCOCK"		0.00%	120	2676120	0.999798256	
"PARSONS"		0.00%	120	2676240	0.999843088	
"DUMANOIR"		0.00%	60	2676300	0.999865504	
"ARAÑÉS"		0.00%	60	2676360	0.99988792	
"DONOSTIA"		0.00%	60	2676420	0.999910336	
"MURCIA"		0.00%	60	2676480	0.999932752	
"WALLACE, O."		0.00%	60	2676540	0.999955168	
"BRADE"		0.00%	60	2676600	0.999977584	
"HALFFTER, R."		0.00%	60	2676660	1	
						
			2676660			
